Name,dE^{LJ},err,dE^{CRF},err,dE^{tot},err
Arginine (+),-27.035317099700478,16.224745458041145,24.075692750688177,41.02335711310338,-2.7235170678177383,13.672159076389901
Asparagine,nan,nan,nan,nan,nan,nan