Name,dE^{LJ},err,dE^{CRF},err,dE^{tot},err
Arginine (+),-26.97248582274915,13.686629364561224,16.988319929223508,67.81566163060968,-10.991893904516473,28.669918124226403
Asparagine,-12.471743087382492,19.158060154508206,-6.8901054572779685,84.28262302880655,-19.744933727633907,31.515008338944302
Glutamic Acid (-),-13.146035959645815,33.45172081373245,9.399746287061134,101.48655602115308,-1.2086893625819357,33.340182515329126
Glycine,-14.416376989465789,13.439869997531394,0.5167134630028158,43.802962280448405,-12.524467717244988,12.16269846864398
Isoleucine,-29.663337256235536,19.80820549594776,39.17086737329373,63.875169489721664,12.51623701727658,23.584128395887433
Phenylalanine,-34.04089719437252,88.51124760919261,28.660317609086633,142.06360527829108,-1.7367607462510932,38.024734663288065