Name,dA,err,dE,err,TdS,err
Arginine (+),-6.561613251586883,0.10072026697709008,-2.7235170678177383,13.672159076389901,3.838096183769145,13.672530065144882
Asparagine,-2.928294082986993,0.09460613887399538,nan,nan,nan,nan