Name,dA,err,dE,err,TdS,err
Arginine (+),-5.448565913428079,0.10352350080850145,-10.991893904516473,28.669918124226403,-5.543327991088394,28.67010502884608
Asparagine,-3.6212942262066385,0.10424776649034208,-19.744933727633907,31.515008338944302,-16.123639501427267,31.515180757859333
Glutamic Acid (-),-4.53385390541998,0.10665388493785982,-1.2086893625819357,33.340182515329126,3.325164542838044,33.34035310560808
Glycine,-4.17296704632601,0.07588433226936081,-12.524467717244988,12.16269846864398,-8.351500670918979,12.162935191434613
Isoleucine,-2.1445439083035343,0.10680812536267249,12.51623701727658,23.584128395887433,14.660780925580115,23.5843702517016
Phenylalanine,1.8500286873028233,0.10758732299646347,-1.7367607462510932,38.024734663288065,-3.5867894335539168,38.024886866965566