Name,dE {int}^{LJ},err,dE {int}^{CRF},err,dE {int}^{tot},err,dE {ext}^{LJ},err,dE {ext}^{CRF},err,dE {int}^{tot},err
Arginine (+),0.11315344075506761,0.005224174000157814,-1.4637839487488407,0.7554189640947234,-1.3506305093415278,0.7477270283529562,-27.148470540454582,16.22904127958567,25.539476699457737,41.546677913850026,-1.3728865584998857,14.208737435744743
Asparagine,nan,nan,nan,nan,nan,nan,nan,nan,nan,nan,nan,nan