Name,dE {int}^{LJ},err,dE {int}^{CRF},err,dE {int}^{tot},err,dE {ext}^{LJ},err,dE {ext}^{CRF},err,dE {int}^{tot},err
Arginine (+),0.2418851742986048,0.005019810430836667,0.5712351415033652,0.6508443978250077,0.8131203098673438,0.6259208965555123,-27.214370997051446,13.691629929604494,16.417084787710337,68.45615835258565,-11.805014214362018,29.291531735486274
Asparagine,0.01311107398967959,0.015579841115235948,-2.574476735017015,0.9310650357198661,-2.561365669546092,0.7968742100352335,-12.48485416137919,19.171921716120085,-4.315628722251859,85.11751954636908,-17.183568058084347,32.22780254165946
Glutamic Acid (-),-0.07178188550078701,0.09458657686446188,9.396782564402471,8.606307574714815,9.325000677811929,6.992534887865559,-13.074254074144847,33.543032843393604,0.0029637226834893227,110.00552300926054,-10.533690040407237,40.325190382263884
Glycine,0.4154264416987695,0.002668613052621907,4.672123426784239,0.09277537017220437,5.087549867721734,0.10623066528608305,-14.83180343116328,13.441353229366959,-4.155409963801503,43.87212671254625,-17.612017584979185,12.242699919254909
Isoleucine,-0.07549476442323799,0.009022826715873749,-0.7454923520528212,0.17496026158731942,-0.8209871165311782,0.17429143152286347,-29.587842491815536,19.816287125945756,39.91635972529184,63.99512347986523,13.337224133792915,23.733203831417068
Phenylalanine,0.42933895589976334,0.014037746006251635,-1.583627720398482,0.6089148518181021,-1.1542887647532467,0.7255328261837893,-34.47023615026774,88.51772009796,30.243945329537382,142.36274741773653,-0.5824719814991113,38.3566414112943